{
    "accuracy": 0.8523333333333334,
    "f1": 0.9067172036218151
}
